"JURISDICTION","Automation+Sum(FINES)","Automation+Sum(ARRESTS)","Automation+Sum(CHARGES)","Manual+Sum(FINES)","Manual+Sum(ARRESTS)","Manual+Sum(CHARGES)","Total_Fines_Calc","Automation_Score","Severity_score"
"ACT",307210,0,0,5016,10,84,312226,98.39347139571977,2.6903589066893856
"VIC",5266141,0,0,357052,0,0,5623193,93.65036910523968,0
"WA",3278817,0,0,350174,0,0,3628991,90.35065118651437,0
"QLD",3848007,0,0,546685,0,0,4394692,87.56033414855922,0
"NT",176558,0,0,28014,44,215,204572,86.30604383786637,10.509747179477152
"SA",820950,0,0,131354,195,628,952304,86.20671550261261,6.594532838253331
"NSW",4458568,0,0,914118,0,2932,5372686,82.98582868978384,5.457233123245989
"TAS",124014,0,0,138735,0,759,262749,47.19865727367183,28.886884441044494
